taskId,label,o_Efficiency,o_Mass flow,c_Design,o_Pressure ratio,c_Speed,c_Factor Name,c_Factor Value,s_rotor1,s_rotor2,s_rotor3,s_stator1,s_stator2,s_stator3,c2d_rotor1_exit,c2d_rotor2_exit,c2d_rotor3_exit,c2d_stator1_exit,c2d_stator2_exit,c2d_stator3_exit
.\data\task_0,Design A 100% p2_140000,83.14588,51.75308,Design A,1.709583,1,DA,0.96,.\data\task_0\rotor1\Mis_line1d_mid_rotor1_task_0.json,.\data\task_0\rotor2\Mis_line1d_mid_rotor2_task_0.json,.\data\task_0\rotor3\Mis_line1d_mid_rotor3_task_0.json,.\data\task_0\stator1\Mis_line1d_mid_stator1_task_0.json,.\data\task_0\stator2\Mis_line1d_mid_stator2_task_0.json,.\data\task_0\stator3\Mis_line1d_mid_stator3_task_0.json,.\data\task_0\rotor1\ent_area2d_exit_rotor1_task_0.json,.\data\task_0\rotor2\ent_area2d_exit_rotor2_task_0.json,.\data\task_0\rotor3\ent_area2d_exit_rotor3_task_0.json,.\data\task_0\stator1\ent_area2d_exit_stator1_task_0.json,.\data\task_0\stator2\ent_area2d_exit_stator2_task_0.json,.\data\task_0\stator3\ent_area2d_exit_stator3_task_0.json
.\data\task_1,Design A 100% p2_150000,86.79959,51.73464,Design A,1.78694,1,GAC,1,.\data\task_1\rotor1\Mis_line1d_mid_rotor1_task_1.json,.\data\task_1\rotor2\Mis_line1d_mid_rotor2_task_1.json,.\data\task_1\rotor3\Mis_line1d_mid_rotor3_task_1.json,.\data\task_1\stator1\Mis_line1d_mid_stator1_task_1.json,.\data\task_1\stator2\Mis_line1d_mid_stator2_task_1.json,.\data\task_1\stator3\Mis_line1d_mid_stator3_task_1.json,.\data\task_1\rotor1\ent_area2d_exit_rotor1_task_1.json,.\data\task_1\rotor2\ent_area2d_exit_rotor2_task_1.json,.\data\task_1\rotor3\ent_area2d_exit_rotor3_task_1.json,.\data\task_1\stator1\ent_area2d_exit_stator1_task_1.json,.\data\task_1\stator2\ent_area2d_exit_stator2_task_1.json,.\data\task_1\stator3\ent_area2d_exit_stator3_task_1.json
.\data\task_2,Design A 100% p2_160000,90.1798,51.50609,Design A,1.866424,1,DA,1.04,.\data\task_2\rotor1\Mis_line1d_mid_rotor1_task_2.json,.\data\task_2\rotor2\Mis_line1d_mid_rotor2_task_2.json,.\data\task_2\rotor3\Mis_line1d_mid_rotor3_task_2.json,.\data\task_2\stator1\Mis_line1d_mid_stator1_task_2.json,.\data\task_2\stator2\Mis_line1d_mid_stator2_task_2.json,.\data\task_2\stator3\Mis_line1d_mid_stator3_task_2.json,.\data\task_2\rotor1\ent_area2d_exit_rotor1_task_2.json,.\data\task_2\rotor2\ent_area2d_exit_rotor2_task_2.json,.\data\task_2\rotor3\ent_area2d_exit_rotor3_task_2.json,.\data\task_2\stator1\ent_area2d_exit_stator1_task_2.json,.\data\task_2\stator2\ent_area2d_exit_stator2_task_2.json,.\data\task_2\stator3\ent_area2d_exit_stator3_task_2.json
.\data\task_3,Design A 100% p2_170000,91.62632,50.80947,Design A,1.946122,1,GAC,0.96,.\data\task_3\rotor1\Mis_line1d_mid_rotor1_task_3.json,.\data\task_3\rotor2\Mis_line1d_mid_rotor2_task_3.json,.\data\task_3\rotor3\Mis_line1d_mid_rotor3_task_3.json,.\data\task_3\stator1\Mis_line1d_mid_stator1_task_3.json,.\data\task_3\stator2\Mis_line1d_mid_stator2_task_3.json,.\data\task_3\stator3\Mis_line1d_mid_stator3_task_3.json,.\data\task_3\rotor1\ent_area2d_exit_rotor1_task_3.json,.\data\task_3\rotor2\ent_area2d_exit_rotor2_task_3.json,.\data\task_3\rotor3\ent_area2d_exit_rotor3_task_3.json,.\data\task_3\stator1\ent_area2d_exit_stator1_task_3.json,.\data\task_3\stator2\ent_area2d_exit_stator2_task_3.json,.\data\task_3\stator3\ent_area2d_exit_stator3_task_3.json
.\data\task_4,Design A 100% p2_180000,92.43139,49.77055,Design A,2.025783,1,DA,1,.\data\task_4\rotor1\Mis_line1d_mid_rotor1_task_4.json,.\data\task_4\rotor2\Mis_line1d_mid_rotor2_task_4.json,.\data\task_4\rotor3\Mis_line1d_mid_rotor3_task_4.json,.\data\task_4\stator1\Mis_line1d_mid_stator1_task_4.json,.\data\task_4\stator2\Mis_line1d_mid_stator2_task_4.json,.\data\task_4\stator3\Mis_line1d_mid_stator3_task_4.json,.\data\task_4\rotor1\ent_area2d_exit_rotor1_task_4.json,.\data\task_4\rotor2\ent_area2d_exit_rotor2_task_4.json,.\data\task_4\rotor3\ent_area2d_exit_rotor3_task_4.json,.\data\task_4\stator1\ent_area2d_exit_stator1_task_4.json,.\data\task_4\stator2\ent_area2d_exit_stator2_task_4.json,.\data\task_4\stator3\ent_area2d_exit_stator3_task_4.json
.\data\task_5,Design A 100% p2_190000,93.04564,48.54064,Design A,2.10606,1,GAC,1.04,.\data\task_5\rotor1\Mis_line1d_mid_rotor1_task_5.json,.\data\task_5\rotor2\Mis_line1d_mid_rotor2_task_5.json,.\data\task_5\rotor3\Mis_line1d_mid_rotor3_task_5.json,.\data\task_5\stator1\Mis_line1d_mid_stator1_task_5.json,.\data\task_5\stator2\Mis_line1d_mid_stator2_task_5.json,.\data\task_5\stator3\Mis_line1d_mid_stator3_task_5.json,.\data\task_5\rotor1\ent_area2d_exit_rotor1_task_5.json,.\data\task_5\rotor2\ent_area2d_exit_rotor2_task_5.json,.\data\task_5\rotor3\ent_area2d_exit_rotor3_task_5.json,.\data\task_5\stator1\ent_area2d_exit_stator1_task_5.json,.\data\task_5\stator2\ent_area2d_exit_stator2_task_5.json,.\data\task_5\stator3\ent_area2d_exit_stator3_task_5.json
.\data\task_6,Design A 90% p2_110000,74.66512,46.74413,Design A,1.440866,0.9,DA,0.96,.\data\task_6\rotor1\Mis_line1d_mid_rotor1_task_6.json,.\data\task_6\rotor2\Mis_line1d_mid_rotor2_task_6.json,.\data\task_6\rotor3\Mis_line1d_mid_rotor3_task_6.json,.\data\task_6\stator1\Mis_line1d_mid_stator1_task_6.json,.\data\task_6\stator2\Mis_line1d_mid_stator2_task_6.json,.\data\task_6\stator3\Mis_line1d_mid_stator3_task_6.json,.\data\task_6\rotor1\ent_area2d_exit_rotor1_task_6.json,.\data\task_6\rotor2\ent_area2d_exit_rotor2_task_6.json,.\data\task_6\rotor3\ent_area2d_exit_rotor3_task_6.json,.\data\task_6\stator1\ent_area2d_exit_stator1_task_6.json,.\data\task_6\stator2\ent_area2d_exit_stator2_task_6.json,.\data\task_6\stator3\ent_area2d_exit_stator3_task_6.json
.\data\task_7,Design A 90% p2_120000,79.6739,46.71741,Design A,1.496172,0.9,GAC,1,.\data\task_7\rotor1\Mis_line1d_mid_rotor1_task_7.json,.\data\task_7\rotor2\Mis_line1d_mid_rotor2_task_7.json,.\data\task_7\rotor3\Mis_line1d_mid_rotor3_task_7.json,.\data\task_7\stator1\Mis_line1d_mid_stator1_task_7.json,.\data\task_7\stator2\Mis_line1d_mid_stator2_task_7.json,.\data\task_7\stator3\Mis_line1d_mid_stator3_task_7.json,.\data\task_7\rotor1\ent_area2d_exit_rotor1_task_7.json,.\data\task_7\rotor2\ent_area2d_exit_rotor2_task_7.json,.\data\task_7\rotor3\ent_area2d_exit_rotor3_task_7.json,.\data\task_7\stator1\ent_area2d_exit_stator1_task_7.json,.\data\task_7\stator2\ent_area2d_exit_stator2_task_7.json,.\data\task_7\stator3\ent_area2d_exit_stator3_task_7.json
.\data\task_8,Design A 90% p2_130000,85.14943,46.67273,Design A,1.561536,0.9,DA,1.04,.\data\task_8\rotor1\Mis_line1d_mid_rotor1_task_8.json,.\data\task_8\rotor2\Mis_line1d_mid_rotor2_task_8.json,.\data\task_8\rotor3\Mis_line1d_mid_rotor3_task_8.json,.\data\task_8\stator1\Mis_line1d_mid_stator1_task_8.json,.\data\task_8\stator2\Mis_line1d_mid_stator2_task_8.json,.\data\task_8\stator3\Mis_line1d_mid_stator3_task_8.json,.\data\task_8\rotor1\ent_area2d_exit_rotor1_task_8.json,.\data\task_8\rotor2\ent_area2d_exit_rotor2_task_8.json,.\data\task_8\rotor3\ent_area2d_exit_rotor3_task_8.json,.\data\task_8\stator1\ent_area2d_exit_stator1_task_8.json,.\data\task_8\stator2\ent_area2d_exit_stator2_task_8.json,.\data\task_8\stator3\ent_area2d_exit_stator3_task_8.json
.\data\task_9,Design A 90% p2_140000,89.68302,46.26834,Design A,1.636012,0.9,GAC,0.96,.\data\task_9\rotor1\Mis_line1d_mid_rotor1_task_9.json,.\data\task_9\rotor2\Mis_line1d_mid_rotor2_task_9.json,.\data\task_9\rotor3\Mis_line1d_mid_rotor3_task_9.json,.\data\task_9\stator1\Mis_line1d_mid_stator1_task_9.json,.\data\task_9\stator2\Mis_line1d_mid_stator2_task_9.json,.\data\task_9\stator3\Mis_line1d_mid_stator3_task_9.json,.\data\task_9\rotor1\ent_area2d_exit_rotor1_task_9.json,.\data\task_9\rotor2\ent_area2d_exit_rotor2_task_9.json,.\data\task_9\rotor3\ent_area2d_exit_rotor3_task_9.json,.\data\task_9\stator1\ent_area2d_exit_stator1_task_9.json,.\data\task_9\stator2\ent_area2d_exit_stator2_task_9.json,.\data\task_9\stator3\ent_area2d_exit_stator3_task_9.json
.\data\task_10,Design A 90% p2_150000,91.66561,45.23492,Design A,1.711503,0.9,DA,1,.\data\task_10\rotor1\Mis_line1d_mid_rotor1_task_10.json,.\data\task_10\rotor2\Mis_line1d_mid_rotor2_task_10.json,.\data\task_10\rotor3\Mis_line1d_mid_rotor3_task_10.json,.\data\task_10\stator1\Mis_line1d_mid_stator1_task_10.json,.\data\task_10\stator2\Mis_line1d_mid_stator2_task_10.json,.\data\task_10\stator3\Mis_line1d_mid_stator3_task_10.json,.\data\task_10\rotor1\ent_area2d_exit_rotor1_task_10.json,.\data\task_10\rotor2\ent_area2d_exit_rotor2_task_10.json,.\data\task_10\rotor3\ent_area2d_exit_rotor3_task_10.json,.\data\task_10\stator1\ent_area2d_exit_stator1_task_10.json,.\data\task_10\stator2\ent_area2d_exit_stator2_task_10.json,.\data\task_10\stator3\ent_area2d_exit_stator3_task_10.json
.\data\task_11,Design A 90% p2_160000,92.74671,43.86845,Design A,1.788288,0.9,GAC,1.04,.\data\task_11\rotor1\Mis_line1d_mid_rotor1_task_11.json,.\data\task_11\rotor2\Mis_line1d_mid_rotor2_task_11.json,.\data\task_11\rotor3\Mis_line1d_mid_rotor3_task_11.json,.\data\task_11\stator1\Mis_line1d_mid_stator1_task_11.json,.\data\task_11\stator2\Mis_line1d_mid_stator2_task_11.json,.\data\task_11\stator3\Mis_line1d_mid_stator3_task_11.json,.\data\task_11\rotor1\ent_area2d_exit_rotor1_task_11.json,.\data\task_11\rotor2\ent_area2d_exit_rotor2_task_11.json,.\data\task_11\rotor3\ent_area2d_exit_rotor3_task_11.json,.\data\task_11\stator1\ent_area2d_exit_stator1_task_11.json,.\data\task_11\stator2\ent_area2d_exit_stator2_task_11.json,.\data\task_11\stator3\ent_area2d_exit_stator3_task_11.json
.\data\task_12,Design A 90% p2_170000,93.24825,42.06959,Design A,1.866299,0.9,DA,0.96,.\data\task_12\rotor1\Mis_line1d_mid_rotor1_task_12.json,.\data\task_12\rotor2\Mis_line1d_mid_rotor2_task_12.json,.\data\task_12\rotor3\Mis_line1d_mid_rotor3_task_12.json,.\data\task_12\stator1\Mis_line1d_mid_stator1_task_12.json,.\data\task_12\stator2\Mis_line1d_mid_stator2_task_12.json,.\data\task_12\stator3\Mis_line1d_mid_stator3_task_12.json,.\data\task_12\rotor1\ent_area2d_exit_rotor1_task_12.json,.\data\task_12\rotor2\ent_area2d_exit_rotor2_task_12.json,.\data\task_12\rotor3\ent_area2d_exit_rotor3_task_12.json,.\data\task_12\stator1\ent_area2d_exit_stator1_task_12.json,.\data\task_12\stator2\ent_area2d_exit_stator2_task_12.json,.\data\task_12\stator3\ent_area2d_exit_stator3_task_12.json
.\data\task_13,Design A 80% p2_90000,63.43448,41.99625,Design A,1.255136,0.8,GAC,1,.\data\task_13\rotor1\Mis_line1d_mid_rotor1_task_13.json,.\data\task_13\rotor2\Mis_line1d_mid_rotor2_task_13.json,.\data\task_13\rotor3\Mis_line1d_mid_rotor3_task_13.json,.\data\task_13\stator1\Mis_line1d_mid_stator1_task_13.json,.\data\task_13\stator2\Mis_line1d_mid_stator2_task_13.json,.\data\task_13\stator3\Mis_line1d_mid_stator3_task_13.json,.\data\task_13\rotor1\ent_area2d_exit_rotor1_task_13.json,.\data\task_13\rotor2\ent_area2d_exit_rotor2_task_13.json,.\data\task_13\rotor3\ent_area2d_exit_rotor3_task_13.json,.\data\task_13\stator1\ent_area2d_exit_stator1_task_13.json,.\data\task_13\stator2\ent_area2d_exit_stator2_task_13.json,.\data\task_13\stator3\ent_area2d_exit_stator3_task_13.json
.\data\task_14,Design A 80% p2_100000,71.88521,41.95318,Design A,1.310277,0.8,DA,1.04,.\data\task_14\rotor1\Mis_line1d_mid_rotor1_task_14.json,.\data\task_14\rotor2\Mis_line1d_mid_rotor2_task_14.json,.\data\task_14\rotor3\Mis_line1d_mid_rotor3_task_14.json,.\data\task_14\stator1\Mis_line1d_mid_stator1_task_14.json,.\data\task_14\stator2\Mis_line1d_mid_stator2_task_14.json,.\data\task_14\stator3\Mis_line1d_mid_stator3_task_14.json,.\data\task_14\rotor1\ent_area2d_exit_rotor1_task_14.json,.\data\task_14\rotor2\ent_area2d_exit_rotor2_task_14.json,.\data\task_14\rotor3\ent_area2d_exit_rotor3_task_14.json,.\data\task_14\stator1\ent_area2d_exit_stator1_task_14.json,.\data\task_14\stator2\ent_area2d_exit_stator2_task_14.json,.\data\task_14\stator3\ent_area2d_exit_stator3_task_14.json
.\data\task_15,Design A 80% p2_110000,79.37546,41.92112,Design A,1.358285,0.8,GAC,0.96,.\data\task_15\rotor1\Mis_line1d_mid_rotor1_task_15.json,.\data\task_15\rotor2\Mis_line1d_mid_rotor2_task_15.json,.\data\task_15\rotor3\Mis_line1d_mid_rotor3_task_15.json,.\data\task_15\stator1\Mis_line1d_mid_stator1_task_15.json,.\data\task_15\stator2\Mis_line1d_mid_stator2_task_15.json,.\data\task_15\stator3\Mis_line1d_mid_stator3_task_15.json,.\data\task_15\rotor1\ent_area2d_exit_rotor1_task_15.json,.\data\task_15\rotor2\ent_area2d_exit_rotor2_task_15.json,.\data\task_15\rotor3\ent_area2d_exit_rotor3_task_15.json,.\data\task_15\stator1\ent_area2d_exit_stator1_task_15.json,.\data\task_15\stator2\ent_area2d_exit_stator2_task_15.json,.\data\task_15\stator3\ent_area2d_exit_stator3_task_15.json
.\data\task_16,Design A 80% p2_120000,86.00346,41.51446,Design A,1.418139,0.8,DA,1,.\data\task_16\rotor1\Mis_line1d_mid_rotor1_task_16.json,.\data\task_16\rotor2\Mis_line1d_mid_rotor2_task_16.json,.\data\task_16\rotor3\Mis_line1d_mid_rotor3_task_16.json,.\data\task_16\stator1\Mis_line1d_mid_stator1_task_16.json,.\data\task_16\stator2\Mis_line1d_mid_stator2_task_16.json,.\data\task_16\stator3\Mis_line1d_mid_stator3_task_16.json,.\data\task_16\rotor1\ent_area2d_exit_rotor1_task_16.json,.\data\task_16\rotor2\ent_area2d_exit_rotor2_task_16.json,.\data\task_16\rotor3\ent_area2d_exit_rotor3_task_16.json,.\data\task_16\stator1\ent_area2d_exit_stator1_task_16.json,.\data\task_16\stator2\ent_area2d_exit_stator2_task_16.json,.\data\task_16\stator3\ent_area2d_exit_stator3_task_16.json
.\data\task_17,Design A 80% p2_130000,90.26699,40.48046,Design A,1.488192,0.8,GAC,1.04,.\data\task_17\rotor1\Mis_line1d_mid_rotor1_task_17.json,.\data\task_17\rotor2\Mis_line1d_mid_rotor2_task_17.json,.\data\task_17\rotor3\Mis_line1d_mid_rotor3_task_17.json,.\data\task_17\stator1\Mis_line1d_mid_stator1_task_17.json,.\data\task_17\stator2\Mis_line1d_mid_stator2_task_17.json,.\data\task_17\stator3\Mis_line1d_mid_stator3_task_17.json,.\data\task_17\rotor1\ent_area2d_exit_rotor1_task_17.json,.\data\task_17\rotor2\ent_area2d_exit_rotor2_task_17.json,.\data\task_17\rotor3\ent_area2d_exit_rotor3_task_17.json,.\data\task_17\stator1\ent_area2d_exit_stator1_task_17.json,.\data\task_17\stator2\ent_area2d_exit_stator2_task_17.json,.\data\task_17\stator3\ent_area2d_exit_stator3_task_17.json
.\data\task_18,Design A 80% p2_140000,92.34322,38.85016,Design A,1.561516,0.8,DA,0.96,.\data\task_18\rotor1\Mis_line1d_mid_rotor1_task_18.json,.\data\task_18\rotor2\Mis_line1d_mid_rotor2_task_18.json,.\data\task_18\rotor3\Mis_line1d_mid_rotor3_task_18.json,.\data\task_18\stator1\Mis_line1d_mid_stator1_task_18.json,.\data\task_18\stator2\Mis_line1d_mid_stator2_task_18.json,.\data\task_18\stator3\Mis_line1d_mid_stator3_task_18.json,.\data\task_18\rotor1\ent_area2d_exit_rotor1_task_18.json,.\data\task_18\rotor2\ent_area2d_exit_rotor2_task_18.json,.\data\task_18\rotor3\ent_area2d_exit_rotor3_task_18.json,.\data\task_18\stator1\ent_area2d_exit_stator1_task_18.json,.\data\task_18\stator2\ent_area2d_exit_stator2_task_18.json,.\data\task_18\stator3\ent_area2d_exit_stator3_task_18.json
.\data\task_19,Design A 80% p2_150000,93.20506,36.80598,Design A,1.637649,0.8,GAC,1,.\data\task_19\rotor1\Mis_line1d_mid_rotor1_task_19.json,.\data\task_19\rotor2\Mis_line1d_mid_rotor2_task_19.json,.\data\task_19\rotor3\Mis_line1d_mid_rotor3_task_19.json,.\data\task_19\stator1\Mis_line1d_mid_stator1_task_19.json,.\data\task_19\stator2\Mis_line1d_mid_stator2_task_19.json,.\data\task_19\stator3\Mis_line1d_mid_stator3_task_19.json,.\data\task_19\rotor1\ent_area2d_exit_rotor1_task_19.json,.\data\task_19\rotor2\ent_area2d_exit_rotor2_task_19.json,.\data\task_19\rotor3\ent_area2d_exit_rotor3_task_19.json,.\data\task_19\stator1\ent_area2d_exit_stator1_task_19.json,.\data\task_19\stator2\ent_area2d_exit_stator2_task_19.json,.\data\task_19\stator3\ent_area2d_exit_stator3_task_19.json
.\data\task_20,Design B 100% p2_140000,83.0014,51.77788,Design B,1.70802,1,DA,1.04,.\data\task_20\rotor1\Mis_line1d_mid_rotor1_task_20.json,.\data\task_20\rotor2\Mis_line1d_mid_rotor2_task_20.json,.\data\task_20\rotor3\Mis_line1d_mid_rotor3_task_20.json,.\data\task_20\stator1\Mis_line1d_mid_stator1_task_20.json,.\data\task_20\stator2\Mis_line1d_mid_stator2_task_20.json,.\data\task_20\stator3\Mis_line1d_mid_stator3_task_20.json,.\data\task_20\rotor1\ent_area2d_exit_rotor1_task_20.json,.\data\task_20\rotor2\ent_area2d_exit_rotor2_task_20.json,.\data\task_20\rotor3\ent_area2d_exit_rotor3_task_20.json,.\data\task_20\stator1\ent_area2d_exit_stator1_task_20.json,.\data\task_20\stator2\ent_area2d_exit_stator2_task_20.json,.\data\task_20\stator3\ent_area2d_exit_stator3_task_20.json
.\data\task_21,Design B 100% p2_150000,86.6887,51.74968,Design B,1.786447,1,GAC,0.96,.\data\task_21\rotor1\Mis_line1d_mid_rotor1_task_21.json,.\data\task_21\rotor2\Mis_line1d_mid_rotor2_task_21.json,.\data\task_21\rotor3\Mis_line1d_mid_rotor3_task_21.json,.\data\task_21\stator1\Mis_line1d_mid_stator1_task_21.json,.\data\task_21\stator2\Mis_line1d_mid_stator2_task_21.json,.\data\task_21\stator3\Mis_line1d_mid_stator3_task_21.json,.\data\task_21\rotor1\ent_area2d_exit_rotor1_task_21.json,.\data\task_21\rotor2\ent_area2d_exit_rotor2_task_21.json,.\data\task_21\rotor3\ent_area2d_exit_rotor3_task_21.json,.\data\task_21\stator1\ent_area2d_exit_stator1_task_21.json,.\data\task_21\stator2\ent_area2d_exit_stator2_task_21.json,.\data\task_21\stator3\ent_area2d_exit_stator3_task_21.json
.\data\task_22,Design B 100% p2_160000,90.13701,51.55848,Design B,1.865749,1,DA,1,.\data\task_22\rotor1\Mis_line1d_mid_rotor1_task_22.json,.\data\task_22\rotor2\Mis_line1d_mid_rotor2_task_22.json,.\data\task_22\rotor3\Mis_line1d_mid_rotor3_task_22.json,.\data\task_22\stator1\Mis_line1d_mid_stator1_task_22.json,.\data\task_22\stator2\Mis_line1d_mid_stator2_task_22.json,.\data\task_22\stator3\Mis_line1d_mid_stator3_task_22.json,.\data\task_22\rotor1\ent_area2d_exit_rotor1_task_22.json,.\data\task_22\rotor2\ent_area2d_exit_rotor2_task_22.json,.\data\task_22\rotor3\ent_area2d_exit_rotor3_task_22.json,.\data\task_22\stator1\ent_area2d_exit_stator1_task_22.json,.\data\task_22\stator2\ent_area2d_exit_stator2_task_22.json,.\data\task_22\stator3\ent_area2d_exit_stator3_task_22.json
.\data\task_23,Design B 100% p2_170000,91.49876,50.79425,Design B,1.944848,1,GAC,1.04,.\data\task_23\rotor1\Mis_line1d_mid_rotor1_task_23.json,.\data\task_23\rotor2\Mis_line1d_mid_rotor2_task_23.json,.\data\task_23\rotor3\Mis_line1d_mid_rotor3_task_23.json,.\data\task_23\stator1\Mis_line1d_mid_stator1_task_23.json,.\data\task_23\stator2\Mis_line1d_mid_stator2_task_23.json,.\data\task_23\stator3\Mis_line1d_mid_stator3_task_23.json,.\data\task_23\rotor1\ent_area2d_exit_rotor1_task_23.json,.\data\task_23\rotor2\ent_area2d_exit_rotor2_task_23.json,.\data\task_23\rotor3\ent_area2d_exit_rotor3_task_23.json,.\data\task_23\stator1\ent_area2d_exit_stator1_task_23.json,.\data\task_23\stator2\ent_area2d_exit_stator2_task_23.json,.\data\task_23\stator3\ent_area2d_exit_stator3_task_23.json
.\data\task_24,Design B 100% p2_180000,92.27178,49.72235,Design B,2.02485,1,DA,0.96,.\data\task_24\rotor1\Mis_line1d_mid_rotor1_task_24.json,.\data\task_24\rotor2\Mis_line1d_mid_rotor2_task_24.json,.\data\task_24\rotor3\Mis_line1d_mid_rotor3_task_24.json,.\data\task_24\stator1\Mis_line1d_mid_stator1_task_24.json,.\data\task_24\stator2\Mis_line1d_mid_stator2_task_24.json,.\data\task_24\stator3\Mis_line1d_mid_stator3_task_24.json,.\data\task_24\rotor1\ent_area2d_exit_rotor1_task_24.json,.\data\task_24\rotor2\ent_area2d_exit_rotor2_task_24.json,.\data\task_24\rotor3\ent_area2d_exit_rotor3_task_24.json,.\data\task_24\stator1\ent_area2d_exit_stator1_task_24.json,.\data\task_24\stator2\ent_area2d_exit_stator2_task_24.json,.\data\task_24\stator3\ent_area2d_exit_stator3_task_24.json
.\data\task_25,Design B 100% p2_190000,92.62657,48.22643,Design B,2.105013,1,GAC,1,.\data\task_25\rotor1\Mis_line1d_mid_rotor1_task_25.json,.\data\task_25\rotor2\Mis_line1d_mid_rotor2_task_25.json,.\data\task_25\rotor3\Mis_line1d_mid_rotor3_task_25.json,.\data\task_25\stator1\Mis_line1d_mid_stator1_task_25.json,.\data\task_25\stator2\Mis_line1d_mid_stator2_task_25.json,.\data\task_25\stator3\Mis_line1d_mid_stator3_task_25.json,.\data\task_25\rotor1\ent_area2d_exit_rotor1_task_25.json,.\data\task_25\rotor2\ent_area2d_exit_rotor2_task_25.json,.\data\task_25\rotor3\ent_area2d_exit_rotor3_task_25.json,.\data\task_25\stator1\ent_area2d_exit_stator1_task_25.json,.\data\task_25\stator2\ent_area2d_exit_stator2_task_25.json,.\data\task_25\stator3\ent_area2d_exit_stator3_task_25.json
.\data\task_26,Design B 90% p2_110000,74.05695,46.71263,Design B,1.435862,0.9,DA,1.04,.\data\task_26\rotor1\Mis_line1d_mid_rotor1_task_26.json,.\data\task_26\rotor2\Mis_line1d_mid_rotor2_task_26.json,.\data\task_26\rotor3\Mis_line1d_mid_rotor3_task_26.json,.\data\task_26\stator1\Mis_line1d_mid_stator1_task_26.json,.\data\task_26\stator2\Mis_line1d_mid_stator2_task_26.json,.\data\task_26\stator3\Mis_line1d_mid_stator3_task_26.json,.\data\task_26\rotor1\ent_area2d_exit_rotor1_task_26.json,.\data\task_26\rotor2\ent_area2d_exit_rotor2_task_26.json,.\data\task_26\rotor3\ent_area2d_exit_rotor3_task_26.json,.\data\task_26\stator1\ent_area2d_exit_stator1_task_26.json,.\data\task_26\stator2\ent_area2d_exit_stator2_task_26.json,.\data\task_26\stator3\ent_area2d_exit_stator3_task_26.json
.\data\task_27,Design B 90% p2_120000,79.08065,46.71114,Design B,1.488973,0.9,GAC,0.96,.\data\task_27\rotor1\Mis_line1d_mid_rotor1_task_27.json,.\data\task_27\rotor2\Mis_line1d_mid_rotor2_task_27.json,.\data\task_27\rotor3\Mis_line1d_mid_rotor3_task_27.json,.\data\task_27\stator1\Mis_line1d_mid_stator1_task_27.json,.\data\task_27\stator2\Mis_line1d_mid_stator2_task_27.json,.\data\task_27\stator3\Mis_line1d_mid_stator3_task_27.json,.\data\task_27\rotor1\ent_area2d_exit_rotor1_task_27.json,.\data\task_27\rotor2\ent_area2d_exit_rotor2_task_27.json,.\data\task_27\rotor3\ent_area2d_exit_rotor3_task_27.json,.\data\task_27\stator1\ent_area2d_exit_stator1_task_27.json,.\data\task_27\stator2\ent_area2d_exit_stator2_task_27.json,.\data\task_27\stator3\ent_area2d_exit_stator3_task_27.json
.\data\task_28,Design B 90% p2_130000,85.00431,46.70253,Design B,1.559322,0.9,DA,1,.\data\task_28\rotor1\Mis_line1d_mid_rotor1_task_28.json,.\data\task_28\rotor2\Mis_line1d_mid_rotor2_task_28.json,.\data\task_28\rotor3\Mis_line1d_mid_rotor3_task_28.json,.\data\task_28\stator1\Mis_line1d_mid_stator1_task_28.json,.\data\task_28\stator2\Mis_line1d_mid_stator2_task_28.json,.\data\task_28\stator3\Mis_line1d_mid_stator3_task_28.json,.\data\task_28\rotor1\ent_area2d_exit_rotor1_task_28.json,.\data\task_28\rotor2\ent_area2d_exit_rotor2_task_28.json,.\data\task_28\rotor3\ent_area2d_exit_rotor3_task_28.json,.\data\task_28\stator1\ent_area2d_exit_stator1_task_28.json,.\data\task_28\stator2\ent_area2d_exit_stator2_task_28.json,.\data\task_28\stator3\ent_area2d_exit_stator3_task_28.json
.\data\task_29,Design B 90% p2_140000,89.62362,46.27926,Design B,1.63511,0.9,GAC,1.04,.\data\task_29\rotor1\Mis_line1d_mid_rotor1_task_29.json,.\data\task_29\rotor2\Mis_line1d_mid_rotor2_task_29.json,.\data\task_29\rotor3\Mis_line1d_mid_rotor3_task_29.json,.\data\task_29\stator1\Mis_line1d_mid_stator1_task_29.json,.\data\task_29\stator2\Mis_line1d_mid_stator2_task_29.json,.\data\task_29\stator3\Mis_line1d_mid_stator3_task_29.json,.\data\task_29\rotor1\ent_area2d_exit_rotor1_task_29.json,.\data\task_29\rotor2\ent_area2d_exit_rotor2_task_29.json,.\data\task_29\rotor3\ent_area2d_exit_rotor3_task_29.json,.\data\task_29\stator1\ent_area2d_exit_stator1_task_29.json,.\data\task_29\stator2\ent_area2d_exit_stator2_task_29.json,.\data\task_29\stator3\ent_area2d_exit_stator3_task_29.json
.\data\task_30,Design B 90% p2_150000,91.61683,45.23144,Design B,1.710771,0.9,DA,0.96,.\data\task_30\rotor1\Mis_line1d_mid_rotor1_task_30.json,.\data\task_30\rotor2\Mis_line1d_mid_rotor2_task_30.json,.\data\task_30\rotor3\Mis_line1d_mid_rotor3_task_30.json,.\data\task_30\stator1\Mis_line1d_mid_stator1_task_30.json,.\data\task_30\stator2\Mis_line1d_mid_stator2_task_30.json,.\data\task_30\stator3\Mis_line1d_mid_stator3_task_30.json,.\data\task_30\rotor1\ent_area2d_exit_rotor1_task_30.json,.\data\task_30\rotor2\ent_area2d_exit_rotor2_task_30.json,.\data\task_30\rotor3\ent_area2d_exit_rotor3_task_30.json,.\data\task_30\stator1\ent_area2d_exit_stator1_task_30.json,.\data\task_30\stator2\ent_area2d_exit_stator2_task_30.json,.\data\task_30\stator3\ent_area2d_exit_stator3_task_30.json
.\data\task_31,Design B 90% p2_160000,92.60555,43.85702,Design B,1.78693,0.9,GAC,1,.\data\task_31\rotor1\Mis_line1d_mid_rotor1_task_31.json,.\data\task_31\rotor2\Mis_line1d_mid_rotor2_task_31.json,.\data\task_31\rotor3\Mis_line1d_mid_rotor3_task_31.json,.\data\task_31\stator1\Mis_line1d_mid_stator1_task_31.json,.\data\task_31\stator2\Mis_line1d_mid_stator2_task_31.json,.\data\task_31\stator3\Mis_line1d_mid_stator3_task_31.json,.\data\task_31\rotor1\ent_area2d_exit_rotor1_task_31.json,.\data\task_31\rotor2\ent_area2d_exit_rotor2_task_31.json,.\data\task_31\rotor3\ent_area2d_exit_rotor3_task_31.json,.\data\task_31\stator1\ent_area2d_exit_stator1_task_31.json,.\data\task_31\stator2\ent_area2d_exit_stator2_task_31.json,.\data\task_31\stator3\ent_area2d_exit_stator3_task_31.json
.\data\task_32,Design B 90% p2_170000,92.66753,41.61924,Design B,1.863345,0.9,DA,1.04,.\data\task_32\rotor1\Mis_line1d_mid_rotor1_task_32.json,.\data\task_32\rotor2\Mis_line1d_mid_rotor2_task_32.json,.\data\task_32\rotor3\Mis_line1d_mid_rotor3_task_32.json,.\data\task_32\stator1\Mis_line1d_mid_stator1_task_32.json,.\data\task_32\stator2\Mis_line1d_mid_stator2_task_32.json,.\data\task_32\stator3\Mis_line1d_mid_stator3_task_32.json,.\data\task_32\rotor1\ent_area2d_exit_rotor1_task_32.json,.\data\task_32\rotor2\ent_area2d_exit_rotor2_task_32.json,.\data\task_32\rotor3\ent_area2d_exit_rotor3_task_32.json,.\data\task_32\stator1\ent_area2d_exit_stator1_task_32.json,.\data\task_32\stator2\ent_area2d_exit_stator2_task_32.json,.\data\task_32\stator3\ent_area2d_exit_stator3_task_32.json
.\data\task_33,Design B 80% p2_90000,62.7071,41.96393,Design B,1.252868,0.8,GAC,0.96,.\data\task_33\rotor1\Mis_line1d_mid_rotor1_task_33.json,.\data\task_33\rotor2\Mis_line1d_mid_rotor2_task_33.json,.\data\task_33\rotor3\Mis_line1d_mid_rotor3_task_33.json,.\data\task_33\stator1\Mis_line1d_mid_stator1_task_33.json,.\data\task_33\stator2\Mis_line1d_mid_stator2_task_33.json,.\data\task_33\stator3\Mis_line1d_mid_stator3_task_33.json,.\data\task_33\rotor1\ent_area2d_exit_rotor1_task_33.json,.\data\task_33\rotor2\ent_area2d_exit_rotor2_task_33.json,.\data\task_33\rotor3\ent_area2d_exit_rotor3_task_33.json,.\data\task_33\stator1\ent_area2d_exit_stator1_task_33.json,.\data\task_33\stator2\ent_area2d_exit_stator2_task_33.json,.\data\task_33\stator3\ent_area2d_exit_stator3_task_33.json
.\data\task_34,Design B 80% p2_100000,70.21467,41.94318,Design B,1.297068,0.8,DA,1,.\data\task_34\rotor1\Mis_line1d_mid_rotor1_task_34.json,.\data\task_34\rotor2\Mis_line1d_mid_rotor2_task_34.json,.\data\task_34\rotor3\Mis_line1d_mid_rotor3_task_34.json,.\data\task_34\stator1\Mis_line1d_mid_stator1_task_34.json,.\data\task_34\stator2\Mis_line1d_mid_stator2_task_34.json,.\data\task_34\stator3\Mis_line1d_mid_stator3_task_34.json,.\data\task_34\rotor1\ent_area2d_exit_rotor1_task_34.json,.\data\task_34\rotor2\ent_area2d_exit_rotor2_task_34.json,.\data\task_34\rotor3\ent_area2d_exit_rotor3_task_34.json,.\data\task_34\stator1\ent_area2d_exit_stator1_task_34.json,.\data\task_34\stator2\ent_area2d_exit_stator2_task_34.json,.\data\task_34\stator3\ent_area2d_exit_stator3_task_34.json
.\data\task_35,Design B 80% p2_110000,78.68724,41.91799,Design B,1.353713,0.8,GAC,1.04,.\data\task_35\rotor1\Mis_line1d_mid_rotor1_task_35.json,.\data\task_35\rotor2\Mis_line1d_mid_rotor2_task_35.json,.\data\task_35\rotor3\Mis_line1d_mid_rotor3_task_35.json,.\data\task_35\stator1\Mis_line1d_mid_stator1_task_35.json,.\data\task_35\stator2\Mis_line1d_mid_stator2_task_35.json,.\data\task_35\stator3\Mis_line1d_mid_stator3_task_35.json,.\data\task_35\rotor1\ent_area2d_exit_rotor1_task_35.json,.\data\task_35\rotor2\ent_area2d_exit_rotor2_task_35.json,.\data\task_35\rotor3\ent_area2d_exit_rotor3_task_35.json,.\data\task_35\stator1\ent_area2d_exit_stator1_task_35.json,.\data\task_35\stator2\ent_area2d_exit_stator2_task_35.json,.\data\task_35\stator3\ent_area2d_exit_stator3_task_35.json
.\data\task_36,Design B 80% p2_120000,86.12284,41.52279,Design B,1.415704,0.8,DA,0.96,.\data\task_36\rotor1\Mis_line1d_mid_rotor1_task_36.json,.\data\task_36\rotor2\Mis_line1d_mid_rotor2_task_36.json,.\data\task_36\rotor3\Mis_line1d_mid_rotor3_task_36.json,.\data\task_36\stator1\Mis_line1d_mid_stator1_task_36.json,.\data\task_36\stator2\Mis_line1d_mid_stator2_task_36.json,.\data\task_36\stator3\Mis_line1d_mid_stator3_task_36.json,.\data\task_36\rotor1\ent_area2d_exit_rotor1_task_36.json,.\data\task_36\rotor2\ent_area2d_exit_rotor2_task_36.json,.\data\task_36\rotor3\ent_area2d_exit_rotor3_task_36.json,.\data\task_36\stator1\ent_area2d_exit_stator1_task_36.json,.\data\task_36\stator2\ent_area2d_exit_stator2_task_36.json,.\data\task_36\stator3\ent_area2d_exit_stator3_task_36.json
.\data\task_37,Design B 80% p2_130000,90.21402,40.48936,Design B,1.487177,0.8,GAC,1,.\data\task_37\rotor1\Mis_line1d_mid_rotor1_task_37.json,.\data\task_37\rotor2\Mis_line1d_mid_rotor2_task_37.json,.\data\task_37\rotor3\Mis_line1d_mid_rotor3_task_37.json,.\data\task_37\stator1\Mis_line1d_mid_stator1_task_37.json,.\data\task_37\stator2\Mis_line1d_mid_stator2_task_37.json,.\data\task_37\stator3\Mis_line1d_mid_stator3_task_37.json,.\data\task_37\rotor1\ent_area2d_exit_rotor1_task_37.json,.\data\task_37\rotor2\ent_area2d_exit_rotor2_task_37.json,.\data\task_37\rotor3\ent_area2d_exit_rotor3_task_37.json,.\data\task_37\stator1\ent_area2d_exit_stator1_task_37.json,.\data\task_37\stator2\ent_area2d_exit_stator2_task_37.json,.\data\task_37\stator3\ent_area2d_exit_stator3_task_37.json
.\data\task_38,Design B 80% p2_140000,92.20825,38.88341,Design B,1.561103,0.8,DA,1.04,.\data\task_38\rotor1\Mis_line1d_mid_rotor1_task_38.json,.\data\task_38\rotor2\Mis_line1d_mid_rotor2_task_38.json,.\data\task_38\rotor3\Mis_line1d_mid_rotor3_task_38.json,.\data\task_38\stator1\Mis_line1d_mid_stator1_task_38.json,.\data\task_38\stator2\Mis_line1d_mid_stator2_task_38.json,.\data\task_38\stator3\Mis_line1d_mid_stator3_task_38.json,.\data\task_38\rotor1\ent_area2d_exit_rotor1_task_38.json,.\data\task_38\rotor2\ent_area2d_exit_rotor2_task_38.json,.\data\task_38\rotor3\ent_area2d_exit_rotor3_task_38.json,.\data\task_38\stator1\ent_area2d_exit_stator1_task_38.json,.\data\task_38\stator2\ent_area2d_exit_stator2_task_38.json,.\data\task_38\stator3\ent_area2d_exit_stator3_task_38.json
.\data\task_39,Design B 80% p2_150000,92.69257,36.33635,Design B,1.634093,0.8,GAC,0.96,.\data\task_39\rotor1\Mis_line1d_mid_rotor1_task_39.json,.\data\task_39\rotor2\Mis_line1d_mid_rotor2_task_39.json,.\data\task_39\rotor3\Mis_line1d_mid_rotor3_task_39.json,.\data\task_39\stator1\Mis_line1d_mid_stator1_task_39.json,.\data\task_39\stator2\Mis_line1d_mid_stator2_task_39.json,.\data\task_39\stator3\Mis_line1d_mid_stator3_task_39.json,.\data\task_39\rotor1\ent_area2d_exit_rotor1_task_39.json,.\data\task_39\rotor2\ent_area2d_exit_rotor2_task_39.json,.\data\task_39\rotor3\ent_area2d_exit_rotor3_task_39.json,.\data\task_39\stator1\ent_area2d_exit_stator1_task_39.json,.\data\task_39\stator2\ent_area2d_exit_stator2_task_39.json,.\data\task_39\stator3\ent_area2d_exit_stator3_task_39.json
.\data\task_40,Design C 100% p2_140000,82.98617,51.85049,Design C,1.707535,1,DA,1,.\data\task_40\rotor1\Mis_line1d_mid_rotor1_task_40.json,.\data\task_40\rotor2\Mis_line1d_mid_rotor2_task_40.json,.\data\task_40\rotor3\Mis_line1d_mid_rotor3_task_40.json,.\data\task_40\stator1\Mis_line1d_mid_stator1_task_40.json,.\data\task_40\stator2\Mis_line1d_mid_stator2_task_40.json,.\data\task_40\stator3\Mis_line1d_mid_stator3_task_40.json,.\data\task_40\rotor1\ent_area2d_exit_rotor1_task_40.json,.\data\task_40\rotor2\ent_area2d_exit_rotor2_task_40.json,.\data\task_40\rotor3\ent_area2d_exit_rotor3_task_40.json,.\data\task_40\stator1\ent_area2d_exit_stator1_task_40.json,.\data\task_40\stator2\ent_area2d_exit_stator2_task_40.json,.\data\task_40\stator3\ent_area2d_exit_stator3_task_40.json
.\data\task_41,Design C 100% p2_150000,86.59528,51.80873,Design C,1.785881,1,GAC,1.04,.\data\task_41\rotor1\Mis_line1d_mid_rotor1_task_41.json,.\data\task_41\rotor2\Mis_line1d_mid_rotor2_task_41.json,.\data\task_41\rotor3\Mis_line1d_mid_rotor3_task_41.json,.\data\task_41\stator1\Mis_line1d_mid_stator1_task_41.json,.\data\task_41\stator2\Mis_line1d_mid_stator2_task_41.json,.\data\task_41\stator3\Mis_line1d_mid_stator3_task_41.json,.\data\task_41\rotor1\ent_area2d_exit_rotor1_task_41.json,.\data\task_41\rotor2\ent_area2d_exit_rotor2_task_41.json,.\data\task_41\rotor3\ent_area2d_exit_rotor3_task_41.json,.\data\task_41\stator1\ent_area2d_exit_stator1_task_41.json,.\data\task_41\stator2\ent_area2d_exit_stator2_task_41.json,.\data\task_41\stator3\ent_area2d_exit_stator3_task_41.json
.\data\task_42,Design C 100% p2_160000,90.09173,51.6062,Design C,1.866258,1,DA,0.96,.\data\task_42\rotor1\Mis_line1d_mid_rotor1_task_42.json,.\data\task_42\rotor2\Mis_line1d_mid_rotor2_task_42.json,.\data\task_42\rotor3\Mis_line1d_mid_rotor3_task_42.json,.\data\task_42\stator1\Mis_line1d_mid_stator1_task_42.json,.\data\task_42\stator2\Mis_line1d_mid_stator2_task_42.json,.\data\task_42\stator3\Mis_line1d_mid_stator3_task_42.json,.\data\task_42\rotor1\ent_area2d_exit_rotor1_task_42.json,.\data\task_42\rotor2\ent_area2d_exit_rotor2_task_42.json,.\data\task_42\rotor3\ent_area2d_exit_rotor3_task_42.json,.\data\task_42\stator1\ent_area2d_exit_stator1_task_42.json,.\data\task_42\stator2\ent_area2d_exit_stator2_task_42.json,.\data\task_42\stator3\ent_area2d_exit_stator3_task_42.json
.\data\task_43,Design C 100% p2_170000,91.53937,50.84376,Design C,1.945216,1,GAC,1,.\data\task_43\rotor1\Mis_line1d_mid_rotor1_task_43.json,.\data\task_43\rotor2\Mis_line1d_mid_rotor2_task_43.json,.\data\task_43\rotor3\Mis_line1d_mid_rotor3_task_43.json,.\data\task_43\stator1\Mis_line1d_mid_stator1_task_43.json,.\data\task_43\stator2\Mis_line1d_mid_stator2_task_43.json,.\data\task_43\stator3\Mis_line1d_mid_stator3_task_43.json,.\data\task_43\rotor1\ent_area2d_exit_rotor1_task_43.json,.\data\task_43\rotor2\ent_area2d_exit_rotor2_task_43.json,.\data\task_43\rotor3\ent_area2d_exit_rotor3_task_43.json,.\data\task_43\stator1\ent_area2d_exit_stator1_task_43.json,.\data\task_43\stator2\ent_area2d_exit_stator2_task_43.json,.\data\task_43\stator3\ent_area2d_exit_stator3_task_43.json
.\data\task_44,Design C 100% p2_180000,92.38444,49.81919,Design C,2.025225,1,DA,1.04,.\data\task_44\rotor1\Mis_line1d_mid_rotor1_task_44.json,.\data\task_44\rotor2\Mis_line1d_mid_rotor2_task_44.json,.\data\task_44\rotor3\Mis_line1d_mid_rotor3_task_44.json,.\data\task_44\stator1\Mis_line1d_mid_stator1_task_44.json,.\data\task_44\stator2\Mis_line1d_mid_stator2_task_44.json,.\data\task_44\stator3\Mis_line1d_mid_stator3_task_44.json,.\data\task_44\rotor1\ent_area2d_exit_rotor1_task_44.json,.\data\task_44\rotor2\ent_area2d_exit_rotor2_task_44.json,.\data\task_44\rotor3\ent_area2d_exit_rotor3_task_44.json,.\data\task_44\stator1\ent_area2d_exit_stator1_task_44.json,.\data\task_44\stator2\ent_area2d_exit_stator2_task_44.json,.\data\task_44\stator3\ent_area2d_exit_stator3_task_44.json
.\data\task_45,Design C 100% p2_190000,92.89457,48.4651,Design C,2.107482,1,GAC,0.96,.\data\task_45\rotor1\Mis_line1d_mid_rotor1_task_45.json,.\data\task_45\rotor2\Mis_line1d_mid_rotor2_task_45.json,.\data\task_45\rotor3\Mis_line1d_mid_rotor3_task_45.json,.\data\task_45\stator1\Mis_line1d_mid_stator1_task_45.json,.\data\task_45\stator2\Mis_line1d_mid_stator2_task_45.json,.\data\task_45\stator3\Mis_line1d_mid_stator3_task_45.json,.\data\task_45\rotor1\ent_area2d_exit_rotor1_task_45.json,.\data\task_45\rotor2\ent_area2d_exit_rotor2_task_45.json,.\data\task_45\rotor3\ent_area2d_exit_rotor3_task_45.json,.\data\task_45\stator1\ent_area2d_exit_stator1_task_45.json,.\data\task_45\stator2\ent_area2d_exit_stator2_task_45.json,.\data\task_45\stator3\ent_area2d_exit_stator3_task_45.json
.\data\task_46,Design C 90% p2_110000,74.14331,46.77576,Design C,1.436239,0.9,DA,1,.\data\task_46\rotor1\Mis_line1d_mid_rotor1_task_46.json,.\data\task_46\rotor2\Mis_line1d_mid_rotor2_task_46.json,.\data\task_46\rotor3\Mis_line1d_mid_rotor3_task_46.json,.\data\task_46\stator1\Mis_line1d_mid_stator1_task_46.json,.\data\task_46\stator2\Mis_line1d_mid_stator2_task_46.json,.\data\task_46\stator3\Mis_line1d_mid_stator3_task_46.json,.\data\task_46\rotor1\ent_area2d_exit_rotor1_task_46.json,.\data\task_46\rotor2\ent_area2d_exit_rotor2_task_46.json,.\data\task_46\rotor3\ent_area2d_exit_rotor3_task_46.json,.\data\task_46\stator1\ent_area2d_exit_stator1_task_46.json,.\data\task_46\stator2\ent_area2d_exit_stator2_task_46.json,.\data\task_46\stator3\ent_area2d_exit_stator3_task_46.json
.\data\task_47,Design C 90% p2_120000,79.07591,46.74331,Design C,1.489204,0.9,GAC,1.04,.\data\task_47\rotor1\Mis_line1d_mid_rotor1_task_47.json,.\data\task_47\rotor2\Mis_line1d_mid_rotor2_task_47.json,.\data\task_47\rotor3\Mis_line1d_mid_rotor3_task_47.json,.\data\task_47\stator1\Mis_line1d_mid_stator1_task_47.json,.\data\task_47\stator2\Mis_line1d_mid_stator2_task_47.json,.\data\task_47\stator3\Mis_line1d_mid_stator3_task_47.json,.\data\task_47\rotor1\ent_area2d_exit_rotor1_task_47.json,.\data\task_47\rotor2\ent_area2d_exit_rotor2_task_47.json,.\data\task_47\rotor3\ent_area2d_exit_rotor3_task_47.json,.\data\task_47\stator1\ent_area2d_exit_stator1_task_47.json,.\data\task_47\stator2\ent_area2d_exit_stator2_task_47.json,.\data\task_47\stator3\ent_area2d_exit_stator3_task_47.json
.\data\task_48,Design C 90% p2_130000,84.91078,46.74937,Design C,1.559247,0.9,DA,0.96,.\data\task_48\rotor1\Mis_line1d_mid_rotor1_task_48.json,.\data\task_48\rotor2\Mis_line1d_mid_rotor2_task_48.json,.\data\task_48\rotor3\Mis_line1d_mid_rotor3_task_48.json,.\data\task_48\stator1\Mis_line1d_mid_stator1_task_48.json,.\data\task_48\stator2\Mis_line1d_mid_stator2_task_48.json,.\data\task_48\stator3\Mis_line1d_mid_stator3_task_48.json,.\data\task_48\rotor1\ent_area2d_exit_rotor1_task_48.json,.\data\task_48\rotor2\ent_area2d_exit_rotor2_task_48.json,.\data\task_48\rotor3\ent_area2d_exit_rotor3_task_48.json,.\data\task_48\stator1\ent_area2d_exit_stator1_task_48.json,.\data\task_48\stator2\ent_area2d_exit_stator2_task_48.json,.\data\task_48\stator3\ent_area2d_exit_stator3_task_48.json
